dataset,dataset_length,base,base sent,base recv,defended,defended sent,defended recv,missing,missing sent,missing recv,bandwidth,bandwidth sent,bandwidth recv,delay,time base,time defended,rf,df
tamaraw-pc0.005-ps0.0015-w2000000.0,19000,4188.8085,347.9627,3840.8458,20551.5176,5341.8529,15209.6647,0.0126,0.0148,0.0124,3.9063,14.3518,2.9600,27.4703,26.3340,749.7361,0.3208,0.1189
tamaraw-pc0.005-ps0.0015-w4000000.0,19000,4188.8085,347.9627,3840.8458,22562.7923,5400.6495,17162.1428,0.0163,0.0192,0.0161,4.3864,14.5208,3.4683,46.8352,25.9775,1242.6419,0.2576,0.1024
tamaraw-pc0.005-ps0.0015-w6000000.0,19000,4188.8085,347.9627,3840.8458,24076.0043,5590.0165,18485.9878,0.0179,0.0210,0.0176,4.7477,15.0650,3.8130,61.3681,25.8340,1611.2167,0.1968,0.0884
tamaraw-pc0.005-ps0.0020-w2000000.0,19000,4188.8085,347.9627,3840.8458,17749.1864,5393.6832,12355.5032,0.0047,0.0061,0.0046,3.2373,14.5008,2.2169,12.7724,27.0848,373.0226,0.3303,0.1511
tamaraw-pc0.005-ps0.0020-w4000000.0,19000,4188.8085,347.9627,3840.8458,19605.0401,5682.3023,13922.7377,0.0074,0.0090,0.0073,3.6803,15.3302,2.6249,21.1005,26.7823,591.9005,0.2737,0.1195
tamaraw-pc0.005-ps0.0020-w6000000.0,19000,4188.8085,347.9627,3840.8458,21014.6491,6000.1106,15014.5385,0.0088,0.0104,0.0086,4.0169,16.2435,2.9092,27.7900,26.6347,766.8121,0.2424,0.0947
tamaraw-pc0.005-ps0.0025-w2000000.0,19000,4188.8085,347.9627,3840.8458,15766.0742,5302.8292,10463.2450,0.0018,0.0027,0.0018,2.7639,14.2396,1.7242,6.3712,27.4232,202.1425,0.3355,0.1618
tamaraw-pc0.005-ps0.0025-w4000000.0,19000,4188.8085,347.9627,3840.8458,17559.5242,5799.7752,11759.7489,0.0034,0.0046,0.0033,3.1920,15.6678,2.0618,9.6882,27.2234,290.9698,0.2547,0.1232
tamaraw-pc0.005-ps0.0025-w6000000.0,19000,4188.8085,347.9627,3840.8458,18866.7917,6184.6592,12682.1325,0.0043,0.0055,0.0042,3.5041,16.7739,2.3019,12.6646,27.1124,370.4809,0.2079,0.1058
tamaraw-pc0.005-ps0.0030-w2000000.0,19000,4188.8085,347.9627,3840.8458,14413.3130,5181.1558,9232.1572,0.0008,0.0015,0.0008,2.4409,13.8900,1.4037,3.9336,27.6054,136.1931,0.3221,0.2103
tamaraw-pc0.005-ps0.0030-w4000000.0,19000,4188.8085,347.9627,3840.8458,16234.0651,5912.5947,10321.4704,0.0016,0.0024,0.0015,2.8756,15.9920,1.6873,5.7122,27.4700,184.3840,0.2129,0.1655
tamaraw-pc0.005-ps0.0030-w6000000.0,19000,4188.8085,347.9627,3840.8458,17524.1609,6405.0846,11119.0763,0.0022,0.0032,0.0021,3.1836,17.4074,1.8950,7.4456,27.3857,231.2883,0.1839,0.1361
tamaraw-pc0.005-ps0.0035-w2000000.0,19000,4188.8085,347.9627,3840.8458,13360.9916,5031.4486,8329.5430,0.0006,0.0012,0.0005,2.1897,13.4597,1.1687,2.6576,27.6749,101.2236,0.3224,0.2221
tamaraw-pc0.005-ps0.0035-w4000000.0,19000,4188.8085,347.9627,3840.8458,15223.1402,5949.1388,9274.0014,0.0008,0.0014,0.0008,2.6342,16.0971,1.4146,4.2822,27.6325,145.9610,0.1792,0.1708
tamaraw-pc0.005-ps0.0035-w6000000.0,19000,4188.8085,347.9627,3840.8458,16448.5084,6486.0254,9962.4830,0.0011,0.0018,0.0011,2.9268,17.6400,1.5938,5.5814,27.5664,181.4253,0.1255,0.1447
tamaraw-pc0.005-ps0.0040-w2000000.0,19000,4188.8085,347.9627,3840.8458,12618.8331,4963.0991,7655.7340,0.0005,0.0011,0.0005,2.0125,13.2633,0.9932,1.8706,27.6909,79.4901,0.3229,0.2308
tamaraw-pc0.005-ps0.0040-w4000000.0,19000,4188.8085,347.9627,3840.8458,14302.6495,5841.8036,8460.8459,0.0005,0.0011,0.0005,2.4145,15.7886,1.2029,3.1219,27.6897,114.1352,0.2342,0.1234
tamaraw-pc0.005-ps0.0040-w6000000.0,19000,4188.8085,347.9627,3840.8458,15591.3032,6512.0614,9079.2418,0.0006,0.0012,0.0006,2.7221,17.7148,1.3639,4.2619,27.6757,145.6272,0.1466,0.1513
tamaraw-pc0.010-ps0.0015-w2000000.0,19000,4188.8085,347.9627,3840.8458,20050.7277,3949.3751,16101.3527,0.0092,0.0106,0.0091,3.7867,10.3500,3.1921,33.6797,26.6999,925.9445,0.3595,0.1555
tamaraw-pc0.010-ps0.0015-w4000000.0,19000,4188.8085,347.9627,3840.8458,21594.8151,3544.4538,18050.3613,0.0144,0.0167,0.0142,4.1554,9.1863,3.6996,53.6016,26.1945,1430.2590,0.3295,0.1226
tamaraw-pc0.010-ps0.0015-w6000000.0,19000,4188.8085,347.9627,3840.8458,22878.6025,3494.5272,19384.0753,0.0166,0.0193,0.0164,4.4618,9.0428,4.0468,70.0541,25.9761,1845.7084,0.1842,0.1089
tamaraw-pc0.010-ps0.0020-w2000000.0,19000,4188.8085,347.9627,3840.8458,16501.0273,3539.5779,12961.4494,0.0026,0.0035,0.0026,2.9393,9.1723,2.3746,16.9145,27.3778,490.4612,0.3537,0.2076
tamaraw-pc0.010-ps0.0020-w4000000.0,19000,4188.8085,347.9627,3840.8458,18143.4174,3547.1422,14596.2752,0.0059,0.0072,0.0057,3.3314,9.1940,2.8003,24.5655,26.9967,690.1845,0.3350,0.1637
tamaraw-pc0.010-ps0.0020-w6000000.0,19000,4188.8085,347.9627,3840.8458,19345.3670,3627.9241,15717.4429,0.0077,0.0090,0.0075,3.6183,9.4262,3.0922,31.8791,26.7988,881.1205,0.1818,0.1468
tamaraw-pc0.010-ps0.0025-w2000000.0,19000,4188.8085,347.9627,3840.8458,14307.2601,3379.0792,10928.1809,0.0008,0.0014,0.0007,2.4156,8.7110,1.8453,9.4250,27.6507,288.2595,0.3389,0.2171
tamaraw-pc0.010-ps0.0025-w4000000.0,19000,4188.8085,347.9627,3840.8458,15808.7879,3495.0141,12313.7739,0.0023,0.0032,0.0023,2.7741,9.0442,2.2060,11.6890,27.3848,347.4844,0.2366,0.1771
tamaraw-pc0.010-ps0.0025-w6000000.0,19000,4188.8085,347.9627,3840.8458,16875.1657,3594.1328,13281.0329,0.0035,0.0045,0.0034,3.0286,9.3291,2.4578,14.5126,27.2425,422.6017,0.2271,0.1639
tamaraw-pc0.010-ps0.0030-w2000000.0,19000,4188.8085,347.9627,3840.8458,13047.9059,3469.9154,9577.9906,0.0003,0.0008,0.0003,2.1149,8.9721,1.4937,6.4011,27.8133,205.8493,0.3466,0.2695
tamaraw-pc0.010-ps0.0030-w4000000.0,19000,4188.8085,347.9627,3840.8458,14202.8000,3448.2347,10754.5653,0.0010,0.0015,0.0009,2.3907,8.9098,1.8001,7.3832,27.6156,231.5074,0.2224,0.2189
tamaraw-pc0.010-ps0.0030-w6000000.0,19000,4188.8085,347.9627,3840.8458,15235.3318,3626.0324,11609.2994,0.0016,0.0023,0.0015,2.6372,9.4208,2.0226,9.0136,27.5037,275.4122,0.0955,0.1874
tamaraw-pc0.010-ps0.0035-w2000000.0,19000,4188.8085,347.9627,3840.8458,12140.3259,3512.4128,8627.9132,0.0002,0.0004,0.0001,1.8983,9.0942,1.2464,4.7439,27.9379,160.4716,0.2995,0.2818
tamaraw-pc0.010-ps0.0035-w4000000.0,19000,4188.8085,347.9627,3840.8458,13170.0562,3538.4718,9631.5844,0.0004,0.0009,0.0004,2.1441,9.1691,1.5077,5.5399,27.7666,181.5913,0.1821,0.2226
tamaraw-pc0.010-ps0.0035-w6000000.0,19000,4188.8085,347.9627,3840.8458,14043.1584,3666.9514,10376.2071,0.0007,0.0013,0.0007,2.3525,9.5383,1.7015,6.4743,27.6813,206.8983,0.1137,0.1953
tamaraw-pc0.010-ps0.0040-w2000000.0,19000,4188.8085,347.9627,3840.8458,11111.3357,3224.6663,7886.6694,0.0002,0.0004,0.0001,1.6526,8.2673,1.0534,3.0925,27.9373,114.3333,0.2224,0.3039
tamaraw-pc0.010-ps0.0040-w4000000.0,19000,4188.8085,347.9627,3840.8458,12406.3038,3653.9968,8752.3070,0.0002,0.0006,0.0002,1.9618,9.5011,1.2787,4.2184,27.8496,145.3302,0.1853,0.2526
tamaraw-pc0.010-ps0.0040-w6000000.0,19000,4188.8085,347.9627,3840.8458,13147.5662,3747.4919,9400.0742,0.0004,0.0008,0.0003,2.1387,9.7698,1.4474,4.7095,27.7733,158.5719,0.1289,0.2161
tamaraw-pc0.015-ps0.0015-w2000000.0,19000,4188.8085,347.9627,3840.8458,20310.3386,3484.1288,16826.2098,0.0071,0.0081,0.0070,3.8487,9.0129,3.3809,39.3161,26.9419,1086.1919,0.3789,0.1737
tamaraw-pc0.015-ps0.0015-w4000000.0,19000,4188.8085,347.9627,3840.8458,21921.9917,3086.4905,18835.5013,0.0130,0.0150,0.0129,4.2335,7.8702,3.9040,56.5973,26.3468,1517.5048,0.3526,0.1411
tamaraw-pc0.015-ps0.0015-w6000000.0,19000,4188.8085,347.9627,3840.8458,23061.8783,2855.6661,20206.2122,0.0156,0.0181,0.0154,4.5056,7.2068,4.2609,72.1941,26.0816,1909.0213,0.3018,0.1303
tamaraw-pc0.015-ps0.0020-w2000000.0,19000,4188.8085,347.9627,3840.8458,16397.4608,2924.1767,13473.2841,0.0017,0.0023,0.0016,2.9146,7.4037,2.5079,20.7054,27.5480,597.9420,0.3818,0.2200
tamaraw-pc0.015-ps0.0020-w4000000.0,19000,4188.8085,347.9627,3840.8458,18129.2379,2898.0044,15231.2336,0.0049,0.0060,0.0048,3.3280,7.3285,2.9656,27.0268,27.1295,760.3535,0.3118,0.1834
tamaraw-pc0.015-ps0.0020-w6000000.0,19000,4188.8085,347.9627,3840.8458,19242.9579,2859.9263,16383.0316,0.0069,0.0081,0.0068,3.5939,7.2191,3.2655,33.6780,26.8999,932.8343,0.2226,0.1713
tamaraw-pc0.015-ps0.0025-w2000000.0,19000,4188.8085,347.9627,3840.8458,14156.1389,2860.0312,11296.1078,0.0005,0.0009,0.0004,2.3795,7.2194,1.9410,12.1078,27.7690,363.9909,0.3726,0.2584
tamaraw-pc0.015-ps0.0025-w4000000.0,19000,4188.8085,347.9627,3840.8458,15558.9567,2752.9793,12805.9774,0.0017,0.0025,0.0017,2.7144,6.9117,2.3342,13.7976,27.4925,406.8234,0.2608,0.2037
tamaraw-pc0.015-ps0.0025-w6000000.0,19000,4188.8085,347.9627,3840.8458,16621.0117,2802.6952,13818.3166,0.0030,0.0038,0.0029,2.9680,7.0546,2.5977,16.0907,27.3243,466.9926,0.2489,0.1992
tamaraw-pc0.015-ps0.0030-w2000000.0,19000,4188.8085,347.9627,3840.8458,12804.5966,2938.0935,9866.5032,0.0002,0.0005,0.0002,2.0569,7.4437,1.5688,8.3142,27.9335,260.1768,0.3645,0.2808
tamaraw-pc0.015-ps0.0030-w4000000.0,19000,4188.8085,347.9627,3840.8458,13949.7529,2794.9245,11154.8284,0.0006,0.0011,0.0006,2.3302,7.0323,1.9043,9.3214,27.7101,286.0052,0.2550,0.2332
tamaraw-pc0.015-ps0.0030-w6000000.0,19000,4188.8085,347.9627,3840.8458,14820.6761,2753.2201,12067.4561,0.0012,0.0018,0.0012,2.5382,6.9124,2.1419,10.4758,27.5768,316.4655,0.2329,0.2132
tamaraw-pc0.015-ps0.0035-w2000000.0,19000,4188.8085,347.9627,3840.8458,11569.9034,2708.6893,8861.2141,0.0001,0.0003,0.0001,1.7621,6.7844,1.3071,5.5814,27.9869,184.1919,0.2908,0.3066
tamaraw-pc0.015-ps0.0035-w4000000.0,19000,4188.8085,347.9627,3840.8458,12829.7510,2864.6350,9965.1160,0.0002,0.0006,0.0002,2.0629,7.2326,1.5945,7.2489,27.8587,229.8050,0.1855,0.2595
tamaraw-pc0.015-ps0.0035-w6000000.0,19000,4188.8085,347.9627,3840.8458,13645.8307,2875.9624,10769.8683,0.0005,0.0010,0.0005,2.2577,7.2651,1.8040,7.9319,27.7553,247.9091,0.1408,0.2287
tamaraw-pc0.015-ps0.0040-w2000000.0,19000,4188.8085,347.9627,3840.8458,10692.9649,2578.7194,8114.2455,0.0001,0.0002,0.0001,1.5527,6.4109,1.1126,4.0314,27.9992,140.8760,0.2526,0.3318
tamaraw-pc0.015-ps0.0040-w4000000.0,19000,4188.8085,347.9627,3840.8458,12045.2312,2992.9611,9052.2701,0.0002,0.0004,0.0001,1.8756,7.6014,1.3568,5.5882,27.9422,184.0882,0.1316,0.2789
tamaraw-pc0.015-ps0.0040-w6000000.0,19000,4188.8085,347.9627,3840.8458,12760.4877,3001.4067,9759.0810,0.0002,0.0006,0.0002,2.0463,7.6257,1.5409,5.9908,27.8441,194.6529,0.0750,0.2445
tamaraw-pc0.020-ps0.0015-w2000000.0,19000,4188.8085,347.9627,3840.8458,20642.6781,3253.2389,17389.4392,0.0057,0.0065,0.0056,3.9281,8.3494,3.5275,44.9246,27.1304,1245.9516,0.3884,0.1661
tamaraw-pc0.020-ps0.0015-w4000000.0,19000,4188.8085,347.9627,3840.8458,22574.5023,2977.4858,19597.0165,0.0120,0.0136,0.0118,4.3892,7.5569,4.1023,60.1383,26.4694,1618.2944,0.3211,0.1455
tamaraw-pc0.020-ps0.0015-w6000000.0,19000,4188.8085,347.9627,3840.8458,23763.6351,2701.7143,21061.9207,0.0150,0.0171,0.0148,4.6731,6.7644,4.4837,74.5343,26.1592,1975.9166,0.3261,0.1303
tamaraw-pc0.020-ps0.0020-w2000000.0,19000,4188.8085,347.9627,3840.8458,16370.4897,2578.6083,13791.8815,0.0012,0.0017,0.0011,2.9081,6.4106,2.5908,24.0219,27.6563,692.0131,0.3926,0.2353
tamaraw-pc0.020-ps0.0020-w4000000.0,19000,4188.8085,347.9627,3840.8458,18319.7520,2609.5193,15710.2327,0.0042,0.0051,0.0041,3.3735,6.4994,3.0903,29.7526,27.2299,837.3897,0.2655,0.1858
tamaraw-pc0.020-ps0.0020-w6000000.0,19000,4188.8085,347.9627,3840.8458,19464.3725,2528.8883,16935.4843,0.0063,0.0074,0.0062,3.6468,6.2677,3.4093,35.6067,26.9738,987.4218,0.2384,0.1711
tamaraw-pc0.020-ps0.0025-w2000000.0,19000,4188.8085,347.9627,3840.8458,14217.4886,2678.7891,11538.6995,0.0003,0.0007,0.0003,2.3942,6.6985,2.0042,14.5507,27.8656,433.3306,0.3816,0.2666
tamaraw-pc0.020-ps0.0025-w4000000.0,19000,4188.8085,347.9627,3840.8458,15560.7881,2383.8534,13176.9346,0.0013,0.0020,0.0013,2.7148,5.8509,2.4307,15.9588,27.5699,467.5519,0.2400,0.2239
tamaraw-pc0.020-ps0.0025-w6000000.0,19000,4188.8085,347.9627,3840.8458,16641.8513,2396.8130,14245.0383,0.0026,0.0033,0.0025,2.9729,5.8881,2.7088,17.6420,27.3849,510.5107,0.1476,0.1953
tamaraw-pc0.020-ps0.0030-w2000000.0,19000,4188.8085,347.9627,3840.8458,12467.7348,2421.7761,10045.9587,0.0002,0.0004,0.0002,1.9764,5.9599,1.6156,8.8024,27.9473,273.9511,0.3429,0.2974
tamaraw-pc0.020-ps0.0030-w4000000.0,19000,4188.8085,347.9627,3840.8458,13835.8975,2394.8624,11441.0351,0.0005,0.0009,0.0004,2.3031,5.8825,1.9788,10.9838,27.7670,332.7544,0.2900,0.2421
tamaraw-pc0.020-ps0.0030-w6000000.0,19000,4188.8085,347.9627,3840.8458,14780.0835,2375.3954,12404.6882,0.0010,0.0015,0.0010,2.5285,5.8266,2.2297,11.8352,27.6437,354.8135,0.1913,0.2263
tamaraw-pc0.020-ps0.0035-w2000000.0,19000,4188.8085,347.9627,3840.8458,11268.8499,2246.6906,9022.1594,0.0001,0.0002,0.0001,1.6902,5.4567,1.3490,6.1436,28.0000,200.0205,0.2787,0.3182
tamaraw-pc0.020-ps0.0035-w4000000.0,19000,4188.8085,347.9627,3840.8458,12809.7794,2598.8883,10210.8911,0.0002,0.0004,0.0001,2.0581,6.4689,1.6585,8.7977,27.9279,273.6298,0.2887,0.2629
tamaraw-pc0.020-ps0.0035-w6000000.0,19000,4188.8085,347.9627,3840.8458,13444.9603,2378.5096,11066.4507,0.0004,0.0008,0.0004,2.2097,5.8355,1.8813,8.9330,27.7948,276.0840,0.1739,0.2311
tamaraw-pc0.020-ps0.0040-w2000000.0,19000,4188.8085,347.9627,3840.8458,10314.3858,2071.3984,8242.9875,0.0001,0.0002,0.0001,1.4624,4.9529,1.1461,4.0803,28.0009,142.2526,0.2495,0.3492
tamaraw-pc0.020-ps0.0040-w4000000.0,19000,4188.8085,347.9627,3840.8458,11731.3206,2485.6248,9245.6958,0.0001,0.0003,0.0001,1.8006,6.1434,1.4072,6.3617,27.9726,205.9252,0.2218,0.2868
tamaraw-pc0.020-ps0.0040-w6000000.0,19000,4188.8085,347.9627,3840.8458,12686.7816,2683.2918,10003.4898,0.0002,0.0005,0.0002,2.0287,6.7114,1.6045,6.9665,27.8888,222.1752,0.1213,0.2466
tamaraw-pc0.025-ps0.0015-w2000000.0,19000,4188.8085,347.9627,3840.8458,20775.6321,2910.4237,17865.2083,0.0048,0.0055,0.0048,3.9598,7.3642,3.6514,49.9331,27.2490,1387.8743,0.3853,0.1663
tamaraw-pc0.025-ps0.0015-w4000000.0,19000,4188.8085,347.9627,3840.8458,23199.5274,2887.8417,20311.6857,0.0111,0.0125,0.0110,4.5385,7.2993,4.2883,63.9167,26.5814,1725.5773,0.3432,0.1453
tamaraw-pc0.025-ps0.0015-w6000000.0,19000,4188.8085,347.9627,3840.8458,24539.8981,2643.6424,21896.2557,0.0144,0.0163,0.0142,4.8584,6.5975,4.7009,76.9471,26.2378,2045.1603,0.3303,0.1247
tamaraw-pc0.025-ps0.0020-w2000000.0,19000,4188.8085,347.9627,3840.8458,16544.4116,2456.5949,14087.8167,0.0009,0.0014,0.0009,2.9497,6.0599,2.6679,26.8584,27.7233,772.3279,0.3724,0.2311
tamaraw-pc0.025-ps0.0020-w4000000.0,19000,4188.8085,347.9627,3840.8458,18593.8626,2403.6608,16190.2018,0.0037,0.0045,0.0036,3.4389,5.9078,3.2153,32.5431,27.3044,915.8733,0.2955,0.1858
tamaraw-pc0.025-ps0.0020-w6000000.0,19000,4188.8085,347.9627,3840.8458,19850.2047,2343.1398,17507.0649,0.0059,0.0069,0.0059,3.7389,5.7339,3.5581,37.7467,27.0333,1047.4499,0.3224,0.1742
tamaraw-pc0.025-ps0.0025-w2000000.0,19000,4188.8085,347.9627,3840.8458,14079.6514,2354.0266,11725.6248,0.0003,0.0006,0.0003,2.3613,5.7652,2.0529,15.5963,27.9001,463.0382,0.3792,0.2624
tamaraw-pc0.025-ps0.0025-w4000000.0,19000,4188.8085,347.9627,3840.8458,15774.0153,2255.6738,13518.3415,0.0011,0.0016,0.0011,2.7658,5.4825,2.5196,18.4752,27.6412,538.3173,0.2645,0.2108
tamaraw-pc0.025-ps0.0025-w6000000.0,19000,4188.8085,347.9627,3840.8458,16804.1938,2147.1359,14657.0579,0.0023,0.0029,0.0022,3.0117,5.1706,2.8161,19.4309,27.4347,560.5150,0.2829,0.1887
tamaraw-pc0.025-ps0.0030-w2000000.0,19000,4188.8085,347.9627,3840.8458,12360.9538,2161.6377,10199.3161,0.0002,0.0003,0.0002,1.9509,5.2123,1.6555,9.6598,27.9673,298.1261,0.3842,0.2918
tamaraw-pc0.025-ps0.0030-w4000000.0,19000,4188.8085,347.9627,3840.8458,13962.8797,2260.9066,11701.9732,0.0004,0.0007,0.0003,2.3334,5.4976,2.0467,12.9679,27.8369,388.8239,0.2866,0.2545
tamaraw-pc0.025-ps0.0030-w6000000.0,19000,4188.8085,347.9627,3840.8458,14922.7645,2191.3340,12731.4305,0.0008,0.0013,0.0008,2.5625,5.2976,2.3147,13.6104,27.6918,404.5874,0.1784,0.2121
tamaraw-pc0.025-ps0.0035-w2000000.0,19000,4188.8085,347.9627,3840.8458,11067.2071,1911.1828,9156.0243,0.0001,0.0002,0.0001,1.6421,4.4925,1.3839,6.2179,28.0007,202.1071,0.3389,0.3376
tamaraw-pc0.025-ps0.0035-w4000000.0,19000,4188.8085,347.9627,3840.8458,12748.3345,2330.2956,10418.0389,0.0001,0.0003,0.0001,2.0434,5.6970,1.7124,9.7159,27.9669,299.6916,0.1763,0.2645
tamaraw-pc0.025-ps0.0035-w6000000.0,19000,4188.8085,347.9627,3840.8458,13602.3915,2262.3773,11340.0142,0.0003,0.0006,0.0003,2.2473,5.5018,1.9525,10.5884,27.8607,322.8608,0.1282,0.2326
tamaraw-pc0.025-ps0.0040-w2000000.0,19000,4188.8085,347.9627,3840.8458,10162.5172,1786.6377,8375.8795,0.0001,0.0002,0.0001,1.4261,4.1346,1.1807,4.2355,28.0028,146.6076,0.2516,0.3545
tamaraw-pc0.025-ps0.0040-w4000000.0,19000,4188.8085,347.9627,3840.8458,11587.5388,2154.4154,9433.1234,0.0001,0.0003,0.0001,1.7663,5.1915,1.4560,6.7464,27.9860,216.7893,0.0955,0.2961
tamaraw-pc0.025-ps0.0040-w6000000.0,19000,4188.8085,347.9627,3840.8458,12603.8803,2351.2092,10252.6711,0.0001,0.0003,0.0001,2.0089,5.7571,1.6694,8.3438,27.9560,261.2152,0.0763,0.2789
tamaraw-pc0.030-ps0.0015-w2000000.0,19000,4188.8085,347.9627,3840.8458,20894.7682,2674.2877,18220.4805,0.0042,0.0048,0.0042,3.9882,6.6856,3.7439,53.9337,27.3281,1501.2324,0.3732,0.1774
tamaraw-pc0.030-ps0.0015-w4000000.0,19000,4188.8085,347.9627,3840.8458,23758.6407,2804.9221,20953.7186,0.0104,0.0116,0.0103,4.6719,7.0610,4.4555,67.4961,26.6663,1826.5382,0.3474,0.1305
tamaraw-pc0.030-ps0.0015-w6000000.0,19000,4188.8085,347.9627,3840.8458,25359.7762,2641.4294,22718.3468,0.0138,0.0156,0.0136,5.0542,6.5911,4.9149,79.8243,26.3050,2126.0873,0.2597,0.1289
tamaraw-pc0.030-ps0.0020-w2000000.0,19000,4188.8085,347.9627,3840.8458,16631.9026,2363.0331,14268.8695,0.0007,0.0012,0.0007,2.9706,5.7911,2.7150,29.1299,27.7738,836.8219,0.3729,0.2155
tamaraw-pc0.030-ps0.0020-w4000000.0,19000,4188.8085,347.9627,3840.8458,18812.0939,2248.9665,16563.1274,0.0033,0.0040,0.0033,3.4910,5.4632,3.3124,35.1807,27.3644,990.0621,0.3263,0.1842
tamaraw-pc0.030-ps0.0020-w6000000.0,19000,4188.8085,347.9627,3840.8458,20267.7320,2270.1668,17997.5652,0.0056,0.0064,0.0055,3.8385,5.5242,3.6858,39.9485,27.0876,1109.1942,0.3242,0.1768
tamaraw-pc0.030-ps0.0025-w2000000.0,19000,4188.8085,347.9627,3840.8458,13946.0913,2103.6847,11842.4066,0.0003,0.0006,0.0003,2.3294,5.0457,2.0833,16.1385,27.9129,478.3851,0.3805,0.2637
tamaraw-pc0.030-ps0.0025-w4000000.0,19000,4188.8085,347.9627,3840.8458,15845.5428,2069.4946,13776.0483,0.0009,0.0014,0.0009,2.7828,4.9475,2.5867,20.5321,27.6816,596.0414,0.2963,0.2216
tamaraw-pc0.030-ps0.0025-w6000000.0,19000,4188.8085,347.9627,3840.8458,17022.2699,2019.1655,15003.1044,0.0021,0.0027,0.0020,3.0637,4.8028,2.9062,21.2768,27.4767,612.0917,0.2887,0.1955
tamaraw-pc0.030-ps0.0030-w2000000.0,19000,4188.8085,347.9627,3840.8458,12194.4199,1899.9397,10294.4802,0.0002,0.0003,0.0002,1.9112,4.4602,1.6803,9.7743,27.9679,301.3337,0.3518,0.3137
tamaraw-pc0.030-ps0.0030-w4000000.0,19000,4188.8085,347.9627,3840.8458,14152.0568,2258.4465,11893.6103,0.0003,0.0005,0.0003,2.3785,5.4905,2.0966,15.2307,27.8965,452.7806,0.3058,0.2408
tamaraw-pc0.030-ps0.0030-w6000000.0,19000,4188.8085,347.9627,3840.8458,14948.8539,1975.9639,12972.8901,0.0007,0.0011,0.0007,2.5688,4.6787,2.3776,14.9858,27.7251,443.2080,0.2871,0.2208
tamaraw-pc0.030-ps0.0035-w2000000.0,19000,4188.8085,347.9627,3840.8458,10938.2969,1693.9079,9244.3891,0.0001,0.0002,0.0001,1.6113,3.8681,1.4069,6.3756,28.0019,206.5294,0.2921,0.3237
tamaraw-pc0.030-ps0.0035-w4000000.0,19000,4188.8085,347.9627,3840.8458,12632.9763,2072.5016,10560.4747,0.0001,0.0003,0.0001,2.0159,4.9561,1.7495,10.3796,27.9798,318.3995,0.2442,0.2784
tamaraw-pc0.030-ps0.0035-w6000000.0,19000,4188.8085,347.9627,3840.8458,13775.3383,2231.6595,11543.6788,0.0002,0.0005,0.0002,2.2886,5.4135,2.0055,12.4015,27.8958,373.8466,0.1505,0.2471
tamaraw-pc0.030-ps0.0040-w2000000.0,19000,4188.8085,347.9627,3840.8458,10021.2528,1581.1768,8440.0761,0.0001,0.0002,0.0001,1.3924,3.5441,1.1975,4.3478,28.0038,149.7586,0.3337,0.3734
tamaraw-pc0.030-ps0.0040-w4000000.0,19000,4188.8085,347.9627,3840.8458,11466.1239,1924.2726,9541.8514,0.0001,0.0002,0.0001,1.7373,4.5301,1.4843,7.3667,27.9983,234.2530,0.2934,0.3021
tamaraw-pc0.030-ps0.0040-w6000000.0,19000,4188.8085,347.9627,3840.8458,12518.2144,2125.2691,10392.9454,0.0001,0.0003,0.0001,1.9885,5.1077,1.7059,9.1075,27.9702,282.7094,0.2221,0.2655
tamaraw-pc0.005-ps0.0045-w2000000.0,19000,4188.8085,347.9627,3840.8458,12132.4591,4969.5222,7162.9369,0.0004,0.0010,0.0004,1.8964,13.2818,0.8649,1.5535,27.7200,70.7828,0.3184,0.2371
tamaraw-pc0.005-ps0.0045-w4000000.0,19000,4188.8085,347.9627,3840.8458,13681.8798,5840.1243,7841.7555,0.0004,0.0010,0.0004,2.2663,15.7838,1.0417,2.5269,27.7200,97.7646,0.2368,0.1932
tamaraw-pc0.005-ps0.0045-w6000000.0,19000,4188.8085,347.9627,3840.8458,14885.4540,6508.7627,8376.6913,0.0004,0.0010,0.0004,2.5536,17.7053,1.1809,3.4767,27.7192,124.0899,0.1989,0.1542
tamaraw-pc0.005-ps0.0050-w2000000.0,19000,4188.8085,347.9627,3840.8458,11643.7493,4920.7855,6722.9638,0.0004,0.0009,0.0003,1.7797,13.1417,0.7504,1.4170,27.7474,67.0665,0.3087,0.1961
tamaraw-pc0.005-ps0.0050-w4000000.0,19000,4188.8085,347.9627,3840.8458,13087.4526,5792.5249,7294.9277,0.0004,0.0009,0.0003,2.1244,15.6470,0.8993,2.2782,27.7474,90.9621,0.2345,0.1558
tamaraw-pc0.005-ps0.0050-w6000000.0,19000,4188.8085,347.9627,3840.8458,14211.6286,6465.0805,7746.5481,0.0004,0.0009,0.0003,2.3928,17.5798,1.0169,3.1368,27.7472,114.7844,0.1850,0.1300
tamaraw-pc0.005-ps0.0055-w2000000.0,19000,4188.8085,347.9627,3840.8458,11479.6543,5012.2391,6467.4152,0.0003,0.0008,0.0003,1.7406,13.4045,0.6839,1.3978,27.7792,66.6098,0.3068,0.2408
tamaraw-pc0.005-ps0.0055-w4000000.0,19000,4188.8085,347.9627,3840.8458,12894.6488,5913.1273,6981.5215,0.0003,0.0008,0.0003,2.0784,15.9936,0.8177,2.2078,27.7792,89.1107,0.2161,0.1958
tamaraw-pc0.005-ps0.0055-w6000000.0,19000,4188.8085,347.9627,3840.8458,14007.8809,6614.4961,7393.3848,0.0003,0.0008,0.0003,2.3441,18.0092,0.9249,3.0040,27.7792,111.2286,0.1803,0.1726
tamaraw-pc0.010-ps0.0045-w2000000.0,19000,4188.8085,347.9627,3840.8458,10450.7009,3084.2018,7366.4991,0.0001,0.0003,0.0001,1.4949,7.8636,0.9179,2.2167,27.9436,89.8852,0.1134,0.3103
tamaraw-pc0.010-ps0.0045-w4000000.0,19000,4188.8085,347.9627,3840.8458,11932.3400,3811.4874,8120.8526,0.0001,0.0003,0.0001,1.8486,9.9537,1.1143,3.5408,27.9216,126.7857,0.1513,0.2539
tamaraw-pc0.010-ps0.0045-w6000000.0,19000,4188.8085,347.9627,3840.8458,12597.2379,3910.2433,8686.9946,0.0002,0.0006,0.0002,2.0074,10.2375,1.2617,3.6796,27.8295,130.2302,0.0918,0.2189
tamaraw-pc0.010-ps0.0050-w2000000.0,19000,4188.8085,347.9627,3840.8458,9864.5243,2960.4281,6904.0962,0.0001,0.0003,0.0001,1.3550,7.5079,0.7975,1.7778,27.9562,77.6563,0.2137,0.2745
tamaraw-pc0.010-ps0.0050-w4000000.0,19000,4188.8085,347.9627,3840.8458,11136.5948,3588.1885,7548.4063,0.0001,0.0003,0.0001,1.6587,9.3120,0.9653,2.8515,27.9561,107.6732,0.1921,0.2274
tamaraw-pc0.010-ps0.0050-w6000000.0,19000,4188.8085,347.9627,3840.8458,11893.5243,3851.3788,8042.1455,0.0001,0.0004,0.0001,1.8394,10.0684,1.0938,3.2510,27.8988,118.5986,0.1471,0.1989
tamaraw-pc0.010-ps0.0055-w2000000.0,19000,4188.8085,347.9627,3840.8458,9540.5136,2927.9399,6612.5736,0.0001,0.0003,0.0001,1.2776,7.4145,0.7216,1.4820,27.9586,69.3933,0.1729,0.3079
tamaraw-pc0.010-ps0.0055-w4000000.0,19000,4188.8085,347.9627,3840.8458,10675.5939,3492.2215,7183.3724,0.0001,0.0003,0.0001,1.5486,9.0362,0.8703,2.2718,27.9586,91.4738,0.1039,0.2734
tamaraw-pc0.010-ps0.0055-w6000000.0,19000,4188.8085,347.9627,3840.8458,11620.5368,3978.3879,7642.1489,0.0001,0.0003,0.0001,1.7742,10.4334,0.9897,3.0249,27.9584,112.5291,0.1071,0.2395
tamaraw-pc0.015-ps0.0045-w2000000.0,19000,4188.8085,347.9627,3840.8458,10009.6167,2445.6067,7564.0100,0.0001,0.0001,0.0001,1.3896,6.0284,0.9694,2.9915,28.0095,111.7993,0.2089,0.3379
tamaraw-pc0.015-ps0.0045-w4000000.0,19000,4188.8085,347.9627,3840.8458,11270.2224,2901.6287,8368.5937,0.0001,0.0002,0.0001,1.6906,7.3389,1.1788,4.3739,27.9821,150.3723,0.1392,0.2966
tamaraw-pc0.015-ps0.0045-w6000000.0,19000,4188.8085,347.9627,3840.8458,12138.2933,3147.2006,8991.0926,0.0001,0.0003,0.0001,1.8978,8.0446,1.3409,4.9496,27.9087,166.0465,0.0497,0.2534
tamaraw-pc0.015-ps0.0050-w2000000.0,19000,4188.8085,347.9627,3840.8458,9433.7926,2342.9305,7090.8621,0.0000,0.0001,0.0000,1.2521,5.7333,0.8462,2.4246,28.0248,95.9747,0.1803,0.3555
tamaraw-pc0.015-ps0.0050-w4000000.0,19000,4188.8085,347.9627,3840.8458,10555.2597,2768.7118,7786.5479,0.0000,0.0001,0.0000,1.5199,6.9569,1.0273,3.5463,28.0060,127.3240,0.1542,0.3003
tamaraw-pc0.015-ps0.0050-w6000000.0,19000,4188.8085,347.9627,3840.8458,11379.5820,3048.3759,8331.2061,0.0001,0.0002,0.0001,1.7167,7.7606,1.1691,4.2349,27.9802,146.4722,0.0434,0.2716
tamaraw-pc0.015-ps0.0055-w2000000.0,19000,4188.8085,347.9627,3840.8458,9069.4350,2288.0352,6781.3998,0.0000,0.0001,0.0000,1.1652,5.5755,0.7656,2.0067,28.0282,84.2716,0.2645,0.3587
tamaraw-pc0.015-ps0.0055-w4000000.0,19000,4188.8085,347.9627,3840.8458,10156.9226,2757.7143,7399.2083,0.0000,0.0001,0.0000,1.4248,6.9253,0.9265,3.1577,28.0271,116.5289,0.1147,0.3103
tamaraw-pc0.015-ps0.0055-w6000000.0,19000,4188.8085,347.9627,3840.8458,10915.1944,3030.1285,7885.0658,0.0001,0.0002,0.0000,1.6058,7.7082,1.0530,3.5993,27.9999,128.7798,0.0334,0.2826
tamaraw-pc0.020-ps0.0045-w2000000.0,19000,4188.8085,347.9627,3840.8458,9677.4213,1983.5958,7693.8255,0.0001,0.0001,0.0000,1.3103,4.7006,1.0032,3.0977,28.0130,114.7881,0.1447,0.3582
tamaraw-pc0.020-ps0.0045-w4000000.0,19000,4188.8085,347.9627,3840.8458,10966.2495,2416.6629,8549.5866,0.0001,0.0002,0.0001,1.6180,5.9452,1.2260,4.6783,27.9936,158.9559,0.0942,0.3024
tamaraw-pc0.020-ps0.0045-w6000000.0,19000,4188.8085,347.9627,3840.8458,11832.7812,2608.5928,9224.1883,0.0001,0.0003,0.0001,1.8249,6.4968,1.4016,5.6388,27.9696,185.6836,0.0326,0.2542
tamaraw-pc0.020-ps0.0050-w2000000.0,19000,4188.8085,347.9627,3840.8458,9109.3179,1898.2954,7211.0225,0.0000,0.0001,0.0000,1.1747,4.4555,0.8775,2.4637,28.0266,97.0772,0.1524,0.3821
tamaraw-pc0.020-ps0.0050-w4000000.0,19000,4188.8085,347.9627,3840.8458,10241.6711,2286.2466,7955.4245,0.0000,0.0001,0.0000,1.4450,5.5704,1.0713,3.9844,28.0238,139.6831,0.0863,0.3211
tamaraw-pc0.020-ps0.0050-w6000000.0,19000,4188.8085,347.9627,3840.8458,11053.8583,2514.6010,8539.2573,0.0001,0.0002,0.0000,1.6389,6.2266,1.2233,4.6953,27.9994,159.4645,0.0303,0.2868
tamaraw-pc0.020-ps0.0055-w2000000.0,19000,4188.8085,347.9627,3840.8458,8741.3978,1855.6347,6885.7631,0.0000,0.0001,0.0000,1.0868,4.3329,0.7928,2.0354,28.0295,85.0817,0.2139,0.3868
tamaraw-pc0.020-ps0.0055-w4000000.0,19000,4188.8085,347.9627,3840.8458,9735.6972,2189.4230,7546.2742,0.0000,0.0001,0.0000,1.3242,5.2921,0.9647,3.1898,28.0289,117.4364,0.1047,0.3345
tamaraw-pc0.020-ps0.0055-w6000000.0,19000,4188.8085,347.9627,3840.8458,10587.0610,2508.5048,8078.5562,0.0000,0.0001,0.0000,1.5275,6.2091,1.1033,4.1703,28.0202,144.8727,0.0313,0.3045
tamaraw-pc0.025-ps0.0045-w2000000.0,19000,4188.8085,347.9627,3840.8458,9505.8043,1701.0385,7804.7657,0.0001,0.0001,0.0000,1.2693,3.8886,1.0320,3.1430,28.0131,116.0575,0.2439,0.3592
tamaraw-pc0.025-ps0.0045-w4000000.0,19000,4188.8085,347.9627,3840.8458,10765.1309,2048.4643,8716.6666,0.0001,0.0001,0.0001,1.5700,4.8870,1.2695,5.1542,28.0084,172.3690,0.0955,0.3063
tamaraw-pc0.025-ps0.0045-w6000000.0,19000,4188.8085,347.9627,3840.8458,11692.6954,2266.4529,9426.2424,0.0001,0.0002,0.0001,1.7914,5.5135,1.4542,6.1959,27.9849,201.3767,0.0297,0.2876
tamaraw-pc0.025-ps0.0050-w2000000.0,19000,4188.8085,347.9627,3840.8458,8960.9284,1637.6915,7323.2369,0.0000,0.0001,0.0000,1.1393,3.7065,0.9067,2.5104,28.0266,98.3850,0.2566,0.3934
tamaraw-pc0.025-ps0.0050-w4000000.0,19000,4188.8085,347.9627,3840.8458,10043.7177,1928.3320,8115.3857,0.0000,0.0001,0.0000,1.3978,4.5418,1.1129,4.0595,28.0254,141.7958,0.1018,0.3229
tamaraw-pc0.025-ps0.0050-w6000000.0,19000,4188.8085,347.9627,3840.8458,10960.3119,2217.6011,8742.7108,0.0000,0.0001,0.0000,1.6166,5.3731,1.2762,5.3215,28.0131,177.0850,0.0955,0.2895
tamaraw-pc0.025-ps0.0055-w2000000.0,19000,4188.8085,347.9627,3840.8458,8600.4599,1607.6844,6992.7756,0.0000,0.0001,0.0000,1.0532,3.6203,0.8206,2.0783,28.0295,86.2817,0.1974,0.3861
tamaraw-pc0.025-ps0.0055-w4000000.0,19000,4188.8085,347.9627,3840.8458,9545.6972,1853.4013,7692.2959,0.0000,0.0001,0.0000,1.2789,4.3264,1.0028,3.2357,28.0293,118.7236,0.1203,0.3482
tamaraw-pc0.025-ps0.0055-w6000000.0,19000,4188.8085,347.9627,3840.8458,10359.8459,2106.0592,8253.7868,0.0000,0.0001,0.0000,1.4732,5.0525,1.1490,4.2864,28.0281,148.1667,0.0503,0.2947
tamaraw-pc0.030-ps0.0045-w2000000.0,19000,4188.8085,347.9627,3840.8458,9387.5047,1511.8953,7875.6094,0.0001,0.0001,0.0000,1.2411,3.3450,1.0505,3.2038,28.0131,117.7610,0.2934,0.3755
tamaraw-pc0.030-ps0.0045-w4000000.0,19000,4188.8085,347.9627,3840.8458,10604.0439,1782.9749,8821.0690,0.0001,0.0001,0.0001,1.5315,4.1240,1.2966,5.2891,28.0108,176.1618,0.2166,0.3271
tamaraw-pc0.030-ps0.0045-w6000000.0,19000,4188.8085,347.9627,3840.8458,11610.9406,2054.5304,9556.4102,0.0001,0.0002,0.0001,1.7719,4.9045,1.4881,6.6132,27.9931,213.1160,0.0679,0.2903
tamaraw-pc0.030-ps0.0050-w2000000.0,19000,4188.8085,347.9627,3840.8458,8844.0564,1458.7343,7385.3221,0.0000,0.0001,0.0000,1.1114,3.1922,0.9228,2.5616,28.0266,99.8200,0.3332,0.3789
tamaraw-pc0.030-ps0.0050-w4000000.0,19000,4188.8085,347.9627,3840.8458,9882.2546,1677.6997,8204.5548,0.0000,0.0001,0.0000,1.3592,3.8215,1.1361,4.1328,28.0256,143.8487,0.1382,0.3355
tamaraw-pc0.030-ps0.0050-w6000000.0,19000,4188.8085,347.9627,3840.8458,10774.9937,1917.1509,8857.8428,0.0000,0.0001,0.0000,1.5723,4.5096,1.3062,5.5641,28.0236,183.9485,0.0813,0.3084
tamaraw-pc0.030-ps0.0055-w2000000.0,19000,4188.8085,347.9627,3840.8458,8488.4506,1435.0641,7053.3865,0.0000,0.0001,0.0000,1.0265,3.1242,0.8364,2.1278,28.0295,87.6694,0.2711,0.3926
tamaraw-pc0.030-ps0.0055-w4000000.0,19000,4188.8085,347.9627,3840.8458,9405.8233,1617.9824,7787.8408,0.0000,0.0001,0.0000,1.2455,3.6499,1.0276,3.3046,28.0295,120.6570,0.1845,0.3345
tamaraw-pc0.030-ps0.0055-w6000000.0,19000,4188.8085,347.9627,3840.8458,10187.3545,1819.7958,8367.5587,0.0000,0.0001,0.0000,1.4320,4.2299,1.1786,4.3632,28.0289,150.3249,0.1171,0.2958
tamaraw-pc0.005-ps0.0045-w1000000.0,19000,4188.8085,347.9627,3840.8458,11065.5238,4389.7593,6675.7645,0.0004,0.0010,0.0004,1.6417,11.6156,0.7381,1.0947,27.7199,58.0661,0.3874,0.3245
tamaraw-pc0.005-ps0.0045-w1500000.0,19000,4188.8085,347.9627,3840.8458,11632.4117,4693.4871,6938.9246,0.0004,0.0010,0.0004,1.7770,12.4885,0.8066,1.3115,27.7200,64.0758,0.3489,0.2671
tamaraw-pc0.005-ps0.0045-w2000000.0,19000,4188.8085,347.9627,3840.8458,12132.4591,4969.5222,7162.9369,0.0004,0.0010,0.0004,1.8964,13.2818,0.8649,1.5535,27.7200,70.7828,0.3184,0.2371
tamaraw-pc0.005-ps0.0045-w2500000.0,19000,4188.8085,347.9627,3840.8458,12568.2596,5215.3404,7352.9192,0.0004,0.0010,0.0004,2.0004,13.9882,0.9144,1.7971,27.7200,77.5345,0.2858,0.2189
tamaraw-pc0.005-ps0.0050-w1000000.0,19000,4188.8085,347.9627,3840.8458,10657.7942,4340.1655,6317.6287,0.0004,0.0009,0.0003,1.5443,11.4731,0.6449,1.0223,27.7473,56.1141,0.3929,0.2961
tamaraw-pc0.005-ps0.0050-w1500000.0,19000,4188.8085,347.9627,3840.8458,11182.4140,4645.8541,6536.5599,0.0004,0.0009,0.0003,1.6696,12.3516,0.7019,1.2124,27.7474,61.3884,0.3418,0.2376
tamaraw-pc0.005-ps0.0050-w2000000.0,19000,4188.8085,347.9627,3840.8458,11643.7493,4920.7855,6722.9638,0.0004,0.0009,0.0003,1.7797,13.1417,0.7504,1.4170,27.7474,67.0665,0.3087,0.1961
tamaraw-pc0.005-ps0.0050-w2500000.0,19000,4188.8085,347.9627,3840.8458,12053.1141,5168.1582,6884.9559,0.0004,0.0009,0.0003,1.8775,13.8526,0.7926,1.6336,27.7474,73.0767,0.2800,0.1821
tamaraw-pc0.005-ps0.0055-w1000000.0,19000,4188.8085,347.9627,3840.8458,10515.9026,4407.7502,6108.1524,0.0003,0.0008,0.0003,1.5105,11.6673,0.5903,1.0147,27.7675,55.9424,0.3887,0.3147
tamaraw-pc0.005-ps0.0055-w1500000.0,19000,4188.8085,347.9627,3840.8458,11031.3566,4728.6114,6302.7453,0.0003,0.0008,0.0003,1.6335,12.5894,0.6410,1.1993,27.7792,61.0947,0.3389,0.2611
tamaraw-pc0.005-ps0.0055-w2000000.0,19000,4188.8085,347.9627,3840.8458,11479.6543,5012.2391,6467.4152,0.0003,0.0008,0.0003,1.7406,13.4045,0.6839,1.3978,27.7792,66.6098,0.3068,0.2408
tamaraw-pc0.005-ps0.0055-w2500000.0,19000,4188.8085,347.9627,3840.8458,11874.7398,5264.6359,6610.1038,0.0003,0.0008,0.0003,1.8349,14.1299,0.7210,1.6019,27.7792,72.2787,0.2818,0.2121
tamaraw-pc0.005-ps0.0060-w1000000.0,19000,4188.8085,347.9627,3840.8458,10309.2401,4411.8055,5897.4346,0.0003,0.0008,0.0003,1.4611,11.6790,0.5355,0.9790,27.7854,54.9873,0.3958,0.3334
tamaraw-pc0.005-ps0.0060-w1500000.0,19000,4188.8085,347.9627,3840.8458,10802.0618,4737.2051,6064.8568,0.0003,0.0007,0.0002,1.5788,12.6141,0.5790,1.1552,27.8034,59.9222,0.3379,0.2689
tamaraw-pc0.005-ps0.0060-w2000000.0,19000,4188.8085,347.9627,3840.8458,11239.2591,5027.2659,6211.9932,0.0003,0.0007,0.0002,1.6832,13.4477,0.6174,1.3350,27.8037,64.9230,0.3063,0.2413
tamaraw-pc0.005-ps0.0060-w2500000.0,19000,4188.8085,347.9627,3840.8458,11621.5232,5283.7495,6337.7736,0.0003,0.0007,0.0002,1.7744,14.1848,0.6501,1.5174,27.8037,69.9918,0.2766,0.2168
tamaraw-pc0.005-ps0.0065-w1000000.0,19000,4188.8085,347.9627,3840.8458,10162.9842,4427.2927,5735.6914,0.0003,0.0007,0.0002,1.4262,11.7235,0.4933,1.0040,27.8028,55.7168,0.3903,0.3234
tamaraw-pc0.005-ps0.0065-w1500000.0,19000,4188.8085,347.9627,3840.8458,10631.5726,4755.4400,5876.1326,0.0002,0.0007,0.0002,1.5381,12.6665,0.5299,1.1841,27.8204,60.7616,0.3355,0.2837
tamaraw-pc0.005-ps0.0065-w2000000.0,19000,4188.8085,347.9627,3840.8458,11056.3922,5049.6859,6006.7063,0.0002,0.0007,0.0002,1.6395,13.5121,0.5639,1.3648,27.8207,65.7900,0.3047,0.2416
tamaraw-pc0.005-ps0.0065-w2500000.0,19000,4188.8085,347.9627,3840.8458,11428.2682,5308.8974,6119.3708,0.0002,0.0007,0.0002,1.7283,14.2571,0.5932,1.5508,27.8207,70.9642,0.2784,0.2055
tamaraw-pc0.010-ps0.0045-w1000000.0,19000,4188.8085,347.9627,3840.8458,9534.0895,2702.8290,6831.2605,0.0001,0.0003,0.0001,1.2761,6.7676,0.7786,1.4717,27.9436,69.0695,0.2382,0.3987
tamaraw-pc0.010-ps0.0045-w1500000.0,19000,4188.8085,347.9627,3840.8458,10008.1107,2887.2147,7120.8961,0.0001,0.0003,0.0001,1.3892,7.2975,0.8540,1.8409,27.9436,79.3839,0.1205,0.3363
tamaraw-pc0.010-ps0.0045-w2000000.0,19000,4188.8085,347.9627,3840.8458,10450.7009,3084.2018,7366.4991,0.0001,0.0003,0.0001,1.4949,7.8636,0.9179,2.2167,27.9436,89.8852,0.1134,0.3103
tamaraw-pc0.010-ps0.0045-w2500000.0,19000,4188.8085,347.9627,3840.8458,10858.8067,3278.3292,7580.4776,0.0001,0.0003,0.0001,1.5923,8.4215,0.9736,2.5905,27.9436,100.3314,0.2789,0.2742
tamaraw-pc0.010-ps0.0050-w1000000.0,19000,4188.8085,347.9627,3840.8458,9090.2932,2635.7454,6454.5478,0.0001,0.0003,0.0001,1.1701,6.5748,0.6805,1.2367,27.9562,62.5305,0.2539,0.3645
tamaraw-pc0.010-ps0.0050-w1500000.0,19000,4188.8085,347.9627,3840.8458,9487.2274,2792.4397,6694.7877,0.0001,0.0003,0.0001,1.2649,7.0251,0.7431,1.5026,27.9562,69.9637,0.3184,0.3108
tamaraw-pc0.010-ps0.0050-w2000000.0,19000,4188.8085,347.9627,3840.8458,9864.5243,2960.4281,6904.0962,0.0001,0.0003,0.0001,1.3550,7.5079,0.7975,1.7778,27.9562,77.6563,0.2137,0.2745
tamaraw-pc0.010-ps0.0050-w2500000.0,19000,4188.8085,347.9627,3840.8458,10213.6708,3127.5755,7086.0953,0.0001,0.0003,0.0001,1.4383,7.9882,0.8449,2.0483,27.9562,85.2177,0.1632,0.2503
tamaraw-pc0.010-ps0.0055-w1000000.0,19000,4188.8085,347.9627,3840.8458,8864.5162,2640.6924,6223.8238,0.0001,0.0003,0.0001,1.1162,6.5890,0.6204,1.0835,27.9586,58.2527,0.3866,0.4008
tamaraw-pc0.010-ps0.0055-w1500000.0,19000,4188.8085,347.9627,3840.8458,9210.1715,2777.4669,6432.7045,0.0001,0.0003,0.0001,1.1988,6.9821,0.6748,1.2774,27.9586,63.6729,0.2779,0.3274
tamaraw-pc0.010-ps0.0055-w2000000.0,19000,4188.8085,347.9627,3840.8458,9540.5136,2927.9399,6612.5736,0.0001,0.0003,0.0001,1.2776,7.4145,0.7216,1.4820,27.9586,69.3933,0.1729,0.3079
tamaraw-pc0.010-ps0.0055-w2500000.0,19000,4188.8085,347.9627,3840.8458,9852.1186,3078.1873,6773.9314,0.0001,0.0003,0.0001,1.3520,7.8463,0.7637,1.6836,27.9586,75.0309,0.1705,0.2855
tamaraw-pc0.010-ps0.0060-w1000000.0,19000,4188.8085,347.9627,3840.8458,8601.2642,2610.5927,5990.6714,0.0001,0.0003,0.0001,1.0534,6.5025,0.5597,0.9626,27.9586,54.8725,0.3874,0.4124
tamaraw-pc0.010-ps0.0060-w1500000.0,19000,4188.8085,347.9627,3840.8458,8902.6958,2735.8737,6166.8221,0.0001,0.0003,0.0001,1.1254,6.8625,0.6056,1.1100,27.9586,58.9919,0.3518,0.3529
tamaraw-pc0.010-ps0.0060-w2000000.0,19000,4188.8085,347.9627,3840.8458,9202.6455,2877.8469,6324.7986,0.0001,0.0003,0.0001,1.1970,7.2706,0.6467,1.2631,27.9586,63.2733,0.3158,0.3279
tamaraw-pc0.010-ps0.0060-w2500000.0,19000,4188.8085,347.9627,3840.8458,9476.9314,3015.8065,6461.1249,0.0001,0.0003,0.0001,1.2624,7.6670,0.6822,1.4196,27.9586,67.6499,0.2366,0.2918
tamaraw-pc0.010-ps0.0065-w1000000.0,19000,4188.8085,347.9627,3840.8458,8434.7441,2611.4784,5823.2657,0.0001,0.0003,0.0001,1.0136,6.5051,0.5161,0.9237,27.9620,53.7906,0.3853,0.4068
tamaraw-pc0.010-ps0.0065-w1500000.0,19000,4188.8085,347.9627,3840.8458,8701.2350,2729.6756,5971.5594,0.0001,0.0003,0.0001,1.0773,6.8447,0.5548,1.0543,27.9620,57.4425,0.3039,0.3679
tamaraw-pc0.010-ps0.0065-w2000000.0,19000,4188.8085,347.9627,3840.8458,8980.9622,2866.7600,6114.2022,0.0001,0.0003,0.0001,1.1440,7.2387,0.5919,1.1909,27.9620,61.2629,0.3016,0.3326
tamaraw-pc0.010-ps0.0065-w2500000.0,19000,4188.8085,347.9627,3840.8458,9235.8195,2998.9389,6236.8806,0.0001,0.0003,0.0001,1.2049,7.6186,0.6238,1.3251,27.9620,65.0140,0.2705,0.3058
tamaraw-pc0.015-ps0.0045-w1000000.0,19000,4188.8085,347.9627,3840.8458,9163.8316,2165.4698,6998.3618,0.0001,0.0001,0.0000,1.1877,5.2233,0.8221,1.9344,28.0118,82.1982,0.3247,0.4282
tamaraw-pc0.015-ps0.0045-w1500000.0,19000,4188.8085,347.9627,3840.8458,9599.9557,2296.5630,7303.3927,0.0001,0.0001,0.0000,1.2918,5.6000,0.9015,2.4988,28.0118,98.0079,0.2613,0.3789
tamaraw-pc0.015-ps0.0045-w2000000.0,19000,4188.8085,347.9627,3840.8458,10009.6167,2445.6067,7564.0100,0.0001,0.0001,0.0001,1.3896,6.0284,0.9694,2.9915,28.0095,111.7993,0.2089,0.3379
tamaraw-pc0.015-ps0.0045-w2500000.0,19000,4188.8085,347.9627,3840.8458,10403.1499,2608.7027,7794.4472,0.0001,0.0001,0.0001,1.4836,6.4971,1.0294,3.5132,28.0083,126.4076,0.1892,0.3218
tamaraw-pc0.015-ps0.0050-w1000000.0,19000,4188.8085,347.9627,3840.8458,8721.0168,2109.0857,6611.9311,0.0000,0.0001,0.0000,1.0820,5.0612,0.7215,1.6132,28.0254,73.2356,0.3492,0.4263
tamaraw-pc0.015-ps0.0050-w1500000.0,19000,4188.8085,347.9627,3840.8458,9079.2027,2209.8771,6869.3256,0.0000,0.0001,0.0000,1.1675,5.3509,0.7885,2.0237,28.0254,84.7407,0.2937,0.3858
tamaraw-pc0.015-ps0.0050-w2000000.0,19000,4188.8085,347.9627,3840.8458,9433.7926,2342.9305,7090.8621,0.0000,0.0001,0.0000,1.2521,5.7333,0.8462,2.4246,28.0248,95.9747,0.1803,0.3555
tamaraw-pc0.015-ps0.0050-w2500000.0,19000,4188.8085,347.9627,3840.8458,9761.2468,2474.6397,7286.6071,0.0000,0.0001,0.0000,1.3303,6.1118,0.8971,2.8084,28.0240,106.7271,0.1287,0.3289
tamaraw-pc0.015-ps0.0055-w1000000.0,19000,4188.8085,347.9627,3840.8458,8462.5549,2099.1427,6363.4122,0.0000,0.0001,0.0000,1.0203,5.0327,0.6568,1.3969,28.0282,67.1818,0.3047,0.4361
tamaraw-pc0.015-ps0.0055-w1500000.0,19000,4188.8085,347.9627,3840.8458,8758.4703,2174.7995,6583.6707,0.0000,0.0001,0.0000,1.0909,5.2501,0.7141,1.7006,28.0282,75.6943,0.3576,0.3900
tamaraw-pc0.015-ps0.0055-w2000000.0,19000,4188.8085,347.9627,3840.8458,9069.4350,2288.0352,6781.3998,0.0000,0.0001,0.0000,1.1652,5.5755,0.7656,2.0067,28.0282,84.2716,0.2645,0.3587
tamaraw-pc0.015-ps0.0055-w2500000.0,19000,4188.8085,347.9627,3840.8458,9362.8359,2408.4635,6954.3724,0.0000,0.0001,0.0000,1.2352,5.9216,0.8106,2.2960,28.0279,92.3791,0.1787,0.3363
tamaraw-pc0.015-ps0.0060-w1000000.0,19000,4188.8085,347.9627,3840.8458,8208.6472,2079.6524,6128.9948,0.0000,0.0001,0.0000,0.9597,4.9767,0.5957,1.2500,28.0338,63.0751,0.3629,0.4466
tamaraw-pc0.015-ps0.0060-w1500000.0,19000,4188.8085,347.9627,3840.8458,8455.9601,2141.7017,6314.2584,0.0000,0.0001,0.0000,1.0187,5.1550,0.6440,1.4940,28.0338,69.9175,0.2903,0.3971
tamaraw-pc0.015-ps0.0060-w2000000.0,19000,4188.8085,347.9627,3840.8458,8726.5672,2241.3239,6485.2433,0.0000,0.0001,0.0000,1.0833,5.4413,0.6885,1.7378,28.0338,76.7502,0.2218,0.3684
tamaraw-pc0.015-ps0.0060-w2500000.0,19000,4188.8085,347.9627,3840.8458,8985.6397,2348.5347,6637.1050,0.0000,0.0001,0.0000,1.1452,5.7494,0.7280,1.9726,28.0338,83.3339,0.1518,0.3408
tamaraw-pc0.015-ps0.0065-w1000000.0,19000,4188.8085,347.9627,3840.8458,8017.9168,2070.7083,5947.2085,0.0000,0.0001,0.0000,0.9141,4.9509,0.5484,1.1679,28.0357,60.7773,0.3729,0.4350
tamaraw-pc0.015-ps0.0065-w1500000.0,19000,4188.8085,347.9627,3840.8458,8225.0707,2121.1384,6103.9323,0.0000,0.0001,0.0000,0.9636,5.0959,0.5892,1.3718,28.0357,66.4947,0.2926,0.3947
tamaraw-pc0.015-ps0.0065-w2000000.0,19000,4188.8085,347.9627,3840.8458,8466.0666,2209.8284,6256.2383,0.0000,0.0001,0.0000,1.0211,5.3508,0.6289,1.5718,28.0357,72.1014,0.2655,0.3589
tamaraw-pc0.015-ps0.0065-w2500000.0,19000,4188.8085,347.9627,3840.8458,8694.0092,2305.6654,6388.3438,0.0000,0.0001,0.0000,1.0755,5.6262,0.6633,1.7712,28.0357,77.6912,0.2013,0.3537
tamaraw-pc0.020-ps0.0045-w1000000.0,19000,4188.8085,347.9627,3840.8458,8902.4635,1812.4021,7090.0614,0.0001,0.0001,0.0000,1.1253,4.2086,0.8460,1.9589,28.0131,82.8886,0.3413,0.4432
tamaraw-pc0.020-ps0.0045-w1500000.0,19000,4188.8085,347.9627,3840.8458,9290.1289,1875.7372,7414.3917,0.0001,0.0001,0.0000,1.2178,4.3906,0.9304,2.5291,28.0131,98.8616,0.2150,0.3968
tamaraw-pc0.020-ps0.0045-w2000000.0,19000,4188.8085,347.9627,3840.8458,9677.4213,1983.5958,7693.8255,0.0001,0.0001,0.0000,1.3103,4.7006,1.0032,3.0977,28.0130,114.7881,0.1447,0.3582
tamaraw-pc0.020-ps0.0045-w2500000.0,19000,4188.8085,347.9627,3840.8458,10032.8766,2094.8329,7938.0437,0.0001,0.0001,0.0000,1.3952,5.0203,1.0667,3.5907,28.0114,128.5904,0.1803,0.3261
tamaraw-pc0.020-ps0.0050-w1000000.0,19000,4188.8085,347.9627,3840.8458,8471.7236,1773.0387,6698.6849,0.0000,0.0001,0.0000,1.0225,4.0955,0.7441,1.6315,28.0266,73.7533,0.3571,0.4421
tamaraw-pc0.020-ps0.0050-w1500000.0,19000,4188.8085,347.9627,3840.8458,8787.0390,1814.9158,6972.1232,0.0000,0.0001,0.0000,1.0977,4.2158,0.8153,2.0504,28.0266,85.4929,0.2889,0.4105
tamaraw-pc0.020-ps0.0050-w2000000.0,19000,4188.8085,347.9627,3840.8458,9109.3179,1898.2954,7211.0225,0.0000,0.0001,0.0000,1.1747,4.4555,0.8775,2.4637,28.0266,97.0772,0.1524,0.3821
tamaraw-pc0.020-ps0.0050-w2500000.0,19000,4188.8085,347.9627,3840.8458,9415.8197,1995.3397,7420.4800,0.0000,0.0001,0.0000,1.2479,4.7343,0.9320,2.8733,28.0266,108.5557,0.1674,0.3561
tamaraw-pc0.020-ps0.0055-w1000000.0,19000,4188.8085,347.9627,3840.8458,8215.6259,1769.4840,6446.1419,0.0000,0.0001,0.0000,0.9613,4.0853,0.6783,1.4153,28.0295,67.7006,0.2850,0.4432
tamaraw-pc0.020-ps0.0055-w1500000.0,19000,4188.8085,347.9627,3840.8458,8466.9132,1789.1308,6677.7824,0.0000,0.0001,0.0000,1.0213,4.1417,0.7386,1.7311,28.0295,76.5518,0.2987,0.4053
tamaraw-pc0.020-ps0.0055-w2000000.0,19000,4188.8085,347.9627,3840.8458,8741.3978,1855.6347,6885.7631,0.0000,0.0001,0.0000,1.0868,4.3329,0.7928,2.0354,28.0295,85.0817,0.2139,0.3868
tamaraw-pc0.020-ps0.0055-w2500000.0,19000,4188.8085,347.9627,3840.8458,9006.8092,1936.4482,7070.3609,0.0000,0.0001,0.0000,1.1502,4.5651,0.8408,2.3377,28.0295,93.5545,0.1332,0.3655
tamaraw-pc0.020-ps0.0060-w1000000.0,19000,4188.8085,347.9627,3840.8458,7958.1507,1756.2774,6201.8733,0.0000,0.0001,0.0000,0.8999,4.0473,0.6147,1.2662,28.0350,63.5342,0.3595,0.4489
tamaraw-pc0.020-ps0.0060-w1500000.0,19000,4188.8085,347.9627,3840.8458,8165.6184,1765.4325,6400.1859,0.0000,0.0001,0.0000,0.9494,4.0736,0.6663,1.5205,28.0350,70.6621,0.2929,0.4211
tamaraw-pc0.020-ps0.0060-w2000000.0,19000,4188.8085,347.9627,3840.8458,8404.2080,1822.2565,6581.9515,0.0000,0.0001,0.0000,1.0063,4.2369,0.7137,1.7610,28.0350,77.4057,0.1379,0.3947
tamaraw-pc0.020-ps0.0060-w2500000.0,19000,4188.8085,347.9627,3840.8458,8635.8790,1893.4942,6742.3848,0.0000,0.0001,0.0000,1.0617,4.4417,0.7554,2.0037,28.0350,84.2080,0.2176,0.3784
tamaraw-pc0.020-ps0.0065-w1000000.0,19000,4188.8085,347.9627,3840.8458,7775.4083,1754.9833,6020.4250,0.0000,0.0001,0.0000,0.8562,4.0436,0.5675,1.1820,28.0357,61.1738,0.3600,0.4495
tamaraw-pc0.020-ps0.0065-w1500000.0,19000,4188.8085,347.9627,3840.8458,7940.7968,1752.2072,6188.5896,0.0000,0.0001,0.0000,0.8957,4.0356,0.6113,1.3929,28.0357,67.0870,0.2911,0.4155
tamaraw-pc0.020-ps0.0065-w2000000.0,19000,4188.8085,347.9627,3840.8458,8154.5989,1802.1351,6352.4639,0.0000,0.0001,0.0000,0.9468,4.1791,0.6539,1.5964,28.0357,72.7923,0.2187,0.3868
tamaraw-pc0.020-ps0.0065-w2500000.0,19000,4188.8085,347.9627,3840.8458,8361.6337,1865.0613,6496.5724,0.0000,0.0001,0.0000,0.9962,4.3599,0.6914,1.7979,28.0357,78.4400,0.1708,0.3697
tamaraw-pc0.025-ps0.0045-w1000000.0,19000,4188.8085,347.9627,3840.8458,8787.7121,1616.2508,7171.4613,0.0001,0.0001,0.0000,1.0979,3.6449,0.8672,1.9964,28.0131,83.9386,0.1724,0.4389
tamaraw-pc0.025-ps0.0045-w1500000.0,19000,4188.8085,347.9627,3840.8458,9141.4122,1632.2353,7509.1769,0.0001,0.0001,0.0000,1.1823,3.6908,0.9551,2.5745,28.0131,100.1317,0.2811,0.3932
tamaraw-pc0.025-ps0.0045-w2000000.0,19000,4188.8085,347.9627,3840.8458,9505.8043,1701.0385,7804.7657,0.0001,0.0001,0.0000,1.2693,3.8886,1.0320,3.1430,28.0131,116.0575,0.2439,0.3592
tamaraw-pc0.025-ps0.0045-w2500000.0,19000,4188.8085,347.9627,3840.8458,9849.6328,1787.9263,8061.7066,0.0001,0.0001,0.0000,1.3514,4.1383,1.0989,3.6990,28.0127,131.6310,0.2337,0.3568
tamaraw-pc0.025-ps0.0050-w1000000.0,19000,4188.8085,347.9627,3840.8458,8371.6547,1588.9643,6782.6904,0.0000,0.0001,0.0000,0.9986,3.5665,0.7659,1.6692,28.0266,74.8100,0.3155,0.4642
tamaraw-pc0.025-ps0.0050-w1500000.0,19000,4188.8085,347.9627,3840.8458,8657.4795,1587.8139,7069.6656,0.0000,0.0001,0.0000,1.0668,3.5632,0.8407,2.0968,28.0266,86.7921,0.3634,0.4192
tamaraw-pc0.025-ps0.0050-w2000000.0,19000,4188.8085,347.9627,3840.8458,8960.9284,1637.6915,7323.2369,0.0000,0.0001,0.0000,1.1393,3.7065,0.9067,2.5104,28.0266,98.3850,0.2566,0.3934
tamaraw-pc0.025-ps0.0050-w2500000.0,19000,4188.8085,347.9627,3840.8458,9253.2404,1705.8567,7547.3837,0.0000,0.0001,0.0000,1.2090,3.9024,0.9650,2.9237,28.0266,109.9695,0.1745,0.3592
tamaraw-pc0.025-ps0.0055-w1000000.0,19000,4188.8085,347.9627,3840.8458,8112.3103,1589.6101,6522.7002,0.0000,0.0001,0.0000,0.9367,3.5683,0.6982,1.4497,28.0295,68.6624,0.3779,0.4558
tamaraw-pc0.025-ps0.0055-w1500000.0,19000,4188.8085,347.9627,3840.8458,8341.1264,1570.6993,6770.4271,0.0000,0.0001,0.0000,0.9913,3.5140,0.7627,1.7719,28.0295,77.6961,0.2692,0.3950
tamaraw-pc0.025-ps0.0055-w2000000.0,19000,4188.8085,347.9627,3840.8458,8600.4599,1607.6844,6992.7756,0.0000,0.0001,0.0000,1.0532,3.6203,0.8206,2.0783,28.0295,86.2817,0.1974,0.3861
tamaraw-pc0.025-ps0.0055-w2500000.0,19000,4188.8085,347.9627,3840.8458,8850.3404,1662.3183,7188.0221,0.0000,0.0001,0.0000,1.1129,3.7773,0.8715,2.3789,28.0295,94.7077,0.2053,0.3674
tamaraw-pc0.025-ps0.0060-w1000000.0,19000,4188.8085,347.9627,3840.8458,7864.6058,1583.0509,6281.5548,0.0000,0.0001,0.0000,0.8775,3.5495,0.6355,1.3011,28.0350,64.5113,0.4153,0.4642
tamaraw-pc0.025-ps0.0060-w1500000.0,19000,4188.8085,347.9627,3840.8458,8047.6626,1555.6935,6491.9692,0.0000,0.0001,0.0000,0.9212,3.4709,0.6902,1.5620,28.0350,71.8269,0.3571,0.4321
tamaraw-pc0.025-ps0.0060-w2000000.0,19000,4188.8085,347.9627,3840.8458,8269.8089,1584.0585,6685.7504,0.0000,0.0001,0.0000,0.9743,3.5524,0.7407,1.8074,28.0350,78.7063,0.2334,0.3887
tamaraw-pc0.025-ps0.0060-w2500000.0,19000,4188.8085,347.9627,3840.8458,8490.9262,1631.3885,6859.5376,0.0000,0.0001,0.0000,1.0271,3.6884,0.7859,2.0467,28.0350,85.4132,0.2074,0.3874
tamaraw-pc0.025-ps0.0065-w1000000.0,19000,4188.8085,347.9627,3840.8458,7672.6859,1582.7980,6089.8879,0.0000,0.0001,0.0000,0.8317,3.5488,0.5856,1.2138,28.0357,62.0658,0.3263,0.4355
tamaraw-pc0.025-ps0.0065-w1500000.0,19000,4188.8085,347.9627,3840.8458,7816.4217,1546.4181,6270.0037,0.0000,0.0001,0.0000,0.8660,3.4442,0.6325,1.4341,28.0357,68.2420,0.3103,0.4192
tamaraw-pc0.025-ps0.0065-w2000000.0,19000,4188.8085,347.9627,3840.8458,8013.0366,1569.5659,6443.4707,0.0000,0.0001,0.0000,0.9130,3.5107,0.6776,1.6394,28.0357,73.9984,0.3171,0.3929
tamaraw-pc0.025-ps0.0065-w2500000.0,19000,4188.8085,347.9627,3840.8458,8205.6587,1609.0232,6596.6355,0.0000,0.0001,0.0000,0.9589,3.6241,0.7175,1.8373,28.0357,79.5465,0.2108,0.3911
tamaraw-pc0.030-ps0.0045-w1000000.0,19000,4188.8085,347.9627,3840.8458,8691.9057,1482.4780,7209.4277,0.0001,0.0001,0.0000,1.0750,3.2605,0.8770,2.0364,28.0131,85.0575,0.3663,0.4489
tamaraw-pc0.030-ps0.0045-w1500000.0,19000,4188.8085,347.9627,3840.8458,9036.0863,1468.4232,7567.6631,0.0001,0.0001,0.0000,1.1572,3.2201,0.9703,2.6263,28.0131,101.5837,0.3655,0.3966
tamaraw-pc0.030-ps0.0045-w2000000.0,19000,4188.8085,347.9627,3840.8458,9387.5047,1511.8953,7875.6094,0.0001,0.0001,0.0000,1.2411,3.3450,1.0505,3.2038,28.0131,117.7610,0.2934,0.3755
tamaraw-pc0.030-ps0.0045-w2500000.0,19000,4188.8085,347.9627,3840.8458,9718.4075,1575.4460,8142.9615,0.0001,0.0001,0.0000,1.3201,3.5276,1.1201,3.7732,28.0131,133.7108,0.2526,0.3524
tamaraw-pc0.030-ps0.0050-w1000000.0,19000,4188.8085,347.9627,3840.8458,8277.1463,1460.0544,6817.0919,0.0000,0.0001,0.0000,0.9760,3.1960,0.7749,1.7132,28.0266,76.0407,0.4042,0.4447
tamaraw-pc0.030-ps0.0050-w1500000.0,19000,4188.8085,347.9627,3840.8458,8551.5113,1431.6397,7119.8716,0.0000,0.0001,0.0000,1.0415,3.1143,0.8537,2.1474,28.0266,88.2111,0.3537,0.3987
tamaraw-pc0.030-ps0.0050-w2000000.0,19000,4188.8085,347.9627,3840.8458,8844.0564,1458.7343,7385.3221,0.0000,0.0001,0.0000,1.1114,3.1922,0.9228,2.5616,28.0266,99.8200,0.3332,0.3789
tamaraw-pc0.030-ps0.0050-w2500000.0,19000,4188.8085,347.9627,3840.8458,9120.4123,1506.7940,7613.6183,0.0000,0.0001,0.0000,1.1773,3.3303,0.9823,2.9784,28.0266,111.5007,0.2797,0.3668
tamaraw-pc0.030-ps0.0055-w1000000.0,19000,4188.8085,347.9627,3840.8458,8023.5454,1463.9489,6559.5965,0.0000,0.0001,0.0000,0.9155,3.2072,0.7079,1.4885,28.0295,69.7500,0.4000,0.4429
tamaraw-pc0.030-ps0.0055-w1500000.0,19000,4188.8085,347.9627,3840.8458,8238.9626,1419.3300,6819.6326,0.0000,0.0001,0.0000,0.9669,3.0790,0.7756,1.8170,28.0295,78.9590,0.3661,0.4111
tamaraw-pc0.030-ps0.0055-w2000000.0,19000,4188.8085,347.9627,3840.8458,8488.4506,1435.0641,7053.3865,0.0000,0.0001,0.0000,1.0265,3.1242,0.8364,2.1278,28.0295,87.6694,0.2711,0.3926
tamaraw-pc0.030-ps0.0055-w2500000.0,19000,4188.8085,347.9627,3840.8458,8729.5895,1471.6094,7257.9801,0.0000,0.0001,0.0000,1.0840,3.2292,0.8897,2.4342,28.0295,96.2595,0.2558,0.3708
tamaraw-pc0.030-ps0.0060-w1000000.0,19000,4188.8085,347.9627,3840.8458,7768.5961,1458.1942,6310.4019,0.0000,0.0001,0.0000,0.8546,3.1907,0.6430,1.3391,28.0350,65.5767,0.3455,0.4766
tamaraw-pc0.030-ps0.0060-w1500000.0,19000,4188.8085,347.9627,3840.8458,7939.3024,1406.7970,6532.5054,0.0000,0.0001,0.0000,0.8954,3.0430,0.7008,1.6046,28.0350,73.0193,0.3624,0.4326
tamaraw-pc0.030-ps0.0060-w2000000.0,19000,4188.8085,347.9627,3840.8458,8152.9456,1415.8879,6737.0577,0.0000,0.0001,0.0000,0.9464,3.0691,0.7541,1.8508,28.0350,79.9230,0.2361,0.4063
tamaraw-pc0.030-ps0.0060-w2500000.0,19000,4188.8085,347.9627,3840.8458,8362.9174,1446.0169,6916.9005,0.0000,0.0001,0.0000,0.9965,3.1557,0.8009,2.0932,28.0350,86.7180,0.1879,0.3897
tamaraw-pc0.030-ps0.0065-w1000000.0,19000,4188.8085,347.9627,3840.8458,7584.9504,1460.5997,6124.3507,0.0000,0.0001,0.0000,0.8108,3.1976,0.5945,1.2469,28.0357,62.9938,0.3887,0.4737
tamaraw-pc0.030-ps0.0065-w1500000.0,19000,4188.8085,347.9627,3840.8458,7717.7760,1401.8421,6315.9339,0.0000,0.0001,0.0000,0.8425,3.0287,0.6444,1.4713,28.0357,69.2832,0.3474,0.4253
tamaraw-pc0.030-ps0.0065-w2000000.0,19000,4188.8085,347.9627,3840.8458,7902.8032,1405.2908,6497.5124,0.0000,0.0001,0.0000,0.8866,3.0386,0.6917,1.6825,28.0357,75.2068,0.2947,0.4066
tamaraw-pc0.030-ps0.0065-w2500000.0,19000,4188.8085,347.9627,3840.8458,8089.5518,1430.1871,6659.3648,0.0000,0.0001,0.0000,0.9312,3.1102,0.7338,1.8805,28.0357,80.7565,0.2918,0.3868
